setting,model,acc,prec,rec,f1,acc_std
market_only,Majority-class,0.5067114093959731,0.5067114093959731,1.0,0.6726057906458798,0.0
market_only,MLP,0.4959731543624161,0.5013382469757504,0.6317880794701987,0.5566764413717008,0.013655697952601216
market_only,CNN,0.48389261744966444,0.4924006581949046,0.7589403973509935,0.5937041978023594,0.015215817515106892
market_only,LSTM,0.48389261744966444,0.4909284049740183,0.6860927152317882,0.5640529945856204,0.011701742130310543
market_only,Transformer,0.474496644295302,0.48309061871025466,0.5761589403973509,0.5209303267705433,0.015392409317019753
market+sentiment,Majority-class,0.5067114093959731,0.5067114093959731,1.0,0.6726057906458798,0.0
market+sentiment,MLP,0.5053691275167786,0.5090957851514541,0.704635761589404,0.5900656849881238,0.018330872864090828
market+sentiment,CNN,0.49328859060402686,0.4995880859972169,0.8516556291390728,0.6293824731221793,0.014856338000791036
market+sentiment,LSTM,0.5053691275167786,0.5066058417054252,0.9139072847682119,0.6514541250929653,0.0026845637583892525
market+sentiment,Transformer,0.4899328859060403,0.4971726760564099,0.6397350993377483,0.5592593412175336,0.008219764237527457
